,bidder_id,auctions_won_cnt
0,00a0517965f18610417ee784a05f494d4dw6e,1
1,01067975436d123f717ee5aba0dd4bbfa0937,2
2,01cda526658455000913950f20cf31a2q6nsf,10
3,022ac3a7ce986049d9a4bede83ccf9ddctvg6,14
4,0318e0a173f7c65db40116b903884c854x258,54
5,037d9f10da403d8d5f94b6e2957a3702f6x07,227
6,03a1e81cb7bcd15014489a6f752c9d5b7pvel,1
7,03aafab9868455b78f0723eda86698ba9v9rm,11
8,041d869edcadf595b90e3b5248903183pn754,5
9,047558bebab9292a5d4c85d6ee768784j2hdd,8
10,0496c24a6a7f593f28bf7896350e946advl6i,2
11,0547dbd3ecb4a293913f138d60b586fdf4ane,2
12,054b51d059fe981ca8cc4e0d4c49aabb5mck7,16
13,055282b75717345ba6f53d40e9e6d6c56qrzp,41
14,0565a780f2c5b46837bbe9739ef15ea92fdu0,3
15,05c9fe8f8852ea069a93dfe39fc0571er9mdt,1
16,061690ceb6004807b7906968bf382dfcbve7y,1
17,06a58d4af0fe7ee15324b0e921e8de1260vef,20
18,074daf9a99b01591cb0637cb95c32600roriz,9
19,078e06b3288cf8f18ab7ed44b245fc56nbyfv,1
20,0817731a4d2e319f6f771da3f522b8bfv6njs,1
21,08515611e73803dc6d8c562b8514dfb5qi3z9,1
22,0870fb7e5701f3ba56762b03e157afdc1yw7u,1
23,08981037e7a6c9032716ff25b15c9de25p63s,28
24,0a43de0ab0a7525fec59ef4bc1dda7a2z9z69,6
25,0a7446b63f183a4928ae762ed6cd1c4b894qz,4
26,0ad17aa9111f657d71cd3005599afc24fd44y,38
27,0b3d5f829d18ba30d967fceecb58821c3oeqa,6
28,0c5992f18244e24d2d7b4708a512378729eev,2
29,0cbd01c9e8cc800aabd3b3e4c618f9caktfgp,6
30,0d0b3d6dc27d0f8eed70971f8c6bec1bdrs0f,1
31,0d1815382b08885d76c671ab600133adeyp5e,9
32,0e5ec5baf2e15afdbf5212d8461e1ad9h3kr0,1
33,0e66933c924764a59760aaae5368e7d1e0s88,2
34,0ea26a4028ffc16d9a8631d43e1b92105auao,2
35,0eeffc5039b27a4dc2e420eca75b1fa55rv5q,6
36,0ef9be4eb3b6a03ac2945522964b242ap09cy,2
37,0f33df2513a519a35c8b3dcf1d7c7416jjjzk,65
38,0f3ee77a46dd5a09ad20b7c3e54ec614sbpvb,1
39,0f8cb1baa83fefac10f885f79149bf13kn4nw,18
40,0fa357965f89388d8e7eb8cbc3b85c6bnnro4,4
41,100d406b638e84e2da7c31b03100b874qiay2,4
42,11d5f6925da5809e2d447788b85d6253jj8fu,18
43,11d7f0a5076649b229c301a22537834e1ehwg,13
44,120c8b384858420c4e46e354c86f4ca393w0i,12
45,121578435bf4136746cd2a80f1990e07cv1px,1
46,1275d8a6a3b2ae9d24b50997397c254cpuuzv,5
47,12c1b22ede3c23949bf130cc7bac6316ks7fj,1
48,1476226300a93d22b15253ed7339429a7ijk0,11
49,14c69cd7fbc8300876f287520c493fc8xe2o6,5
50,14d4e04d7ed150613974438a4dfd4e85dybq3,3
51,14f226ef57ed64d8e14c8b5ae929143cgq3em,2
52,15f34e73687d7361ac0d780737fca261g2s9n,15
53,162886daa0054ff1ad422e0f18cddff3qofft,4
54,167b4f37a264b72feb0f559b650d1cbd3ox60,2
55,16e2e48cff6faab74e1f5c47669dfbbda7l5z,1
56,171fbac128e6dcb51d0f07cf7ed8bd3er891e,3
57,175a06fdcf622c9455d0a77990b9302dj23ke,3
58,179a23cad40c51dd7804069bf769d11e1ftk9,7
59,17a321c4a0d925ca80507effa52330ac5n5r7,22
60,17eeec8676ad56bfead1a9406277f41cnev3n,12
61,1899fd76b484b9275854787a6b003b8a93js0,2
62,18bc9dbbed75b55f35ec4be1351b7aa86an68,29
63,197e90906939267ace2422e78e8e83889znqp,477
64,19815d9bcdc74c3ddfb9ff210c1739f3tup3i,1
65,19b39b852ed4abf1ba5b095829e25b946aed1,5
66,1a09feff347553a2577983d7c742e3d6l2hfo,10
67,1a5d7993b43386f64fcf4b84e7b183a6ref21,1
68,1aa485901ede7baf78ea116e297e9d7f9en6i,62
69,1af4685cda2979a608c4b6ad83473774qgicn,9
70,1ba9422d7a55aa5abc3ff37d1cafa9f2yds7i,13
71,1bb03cdb913f203f704caf8bf6840b6fbpigb,4
72,1bb7a8c04e70386f5496322158e9fc3ef6d84,10
73,1bbfbd968c065ff5dabeffe311bc3ddeezbof,11
74,1cbd9081de4481ada66f1853737f7684ddjd1,15
75,1cd8d86911413c73e92ad1170cae68c3pocsn,298
76,1d69e006699adba0c79ab06f2f622445nuu63,1
77,1dead8a9cc54fdcf7a7c16dc6e06a3bbusgcu,1
78,1def3e23e479c9739abce6b3518013d39oejk,18
79,1df5be644b8963750305092eb8ec878ayba4x,4
80,1dfb637157cc0e590e50d724cd4cad6d4cacw,2
81,1e0b1a6ea8d307cb61e221723534c4dclf9w1,15
82,1e342381f2c64318a51a9b71d91897f8dv9ul,8
83,200b548999702c10f8f9fdbae9ce60622owzv,6
84,205c519be884c5b1c885f61c4ba8738a737qg,1
85,20ebb9de648c6df989f04d07cf273c7b3yu8c,2
86,2106dd7866abbfb4e7c68067d7eb9bebflq5d,106
87,21c5f4fff051adecaf1b080fbf910ca3dvi6a,4
88,21f5b103136104e4947e293983dbaa5b4tder,77
89,21fd0c468438a483ad1c60cfd1b84b850iyjv,5
90,2271fe5b01f9b8f9d8409014ae4511524grmq,88
91,22e65b6bf73fab510ee814cbaeb9ebc1252mu,4
92,22fb740f267ac617118261b2fd3365batisfg,4
93,23af639c0bd57bfe9bcf3b16973d58b7666fe,1
94,24029e6b641077ab7b9a1fde11a42666pkz6z,1
95,246c55639cf85c682d58cbd2ed6a6563vk2yn,1
96,24a32bf10c4a5d4d91c27da4710c869a0nqim,1
97,24db47d284a08aaf119eb3e0c45eb646i46j5,2
98,2515c5fd81638d5d0bca39a2b2be3995tante,1
99,25a4ee3a528004bcf4f4bf62b9208a7dx96pt,61
100,25f1a9c0c83eefedfc2c1589e763c2a3is1qy,1
101,26508777dcd84df59b467a60d9f18ca1pvvbs,1
102,27809fd62bebc89be450f9dcbdd25ed8il6z2,5
103,2797fe80977297483e724b8390161c937dh4g,1
104,27cc072f1432f7aec4b7e17cf2e473f2x3bjg,1
105,282fe85277f7c07b0ffbc5fed621a02ezp1zr,4
106,283987b9f1ffd4514757483ee1f01351xd678,3
107,28a0d5539562290a1a2f63d5b7230db090ys3,2
108,28c9a5ea8aae9fb4f6a755f94cd922361v9ow,24
109,29013ddeb60a18f7d3bf9f3aaaebae6c8651o,2
110,29544507566320f1125d8e9f9a0ab3f2jswhk,14
111,29bd1e11a41eb2ff50af75d10f28041ejh9xx,1
112,29e08b4d18198fe9265772fba3a4f6c4mj1rw,42
113,2a7d1f9483d34546c4d099e36e3a79790qvjm,22
114,2b044b4b7949b96e38084e59b5d1d328jib5o,9
115,2b13a870a46975494b749feea0c5c7ed170ll,13
116,2b429b9235bab2877cd93ac6d9fbc2d7tzwre,1
117,2c31770e98fc9fc7e0f1fee6207b5600c0e10,1
118,2cbc26f228e0556f268e0dc1bd9ac0a5lzdfh,3
119,2d113999234e06201c0940286d405453wqjsw,5
120,2d38a6af2ce96c1446f900aa4756b8975y9k3,45
121,2d73ed3974473a764859084d51334440k5q7s,1
122,2d9579812895729581ce269ea17462197jxvy,62
123,2dc309478d30d440e75c932b1f13a8fai2p2e,2
124,2e33b1ee8a9d4a5cc5f886ca455e8f86kxu5r,1
125,2e3b450b727fe3e888c85d52251fd33ffoi4b,9
126,2eaf4eef52d5b17615d08bf77386fa42yotej,17
127,2eb8a353db13e68388f544daa2e28359oenbs,8
128,2f9ea407ba48ae05f98fdf634995d936xefau,18
129,2fc0efdb6ff10d51e3a4d979ee52cf07p4068,1
130,2fe472c1be232dca314d4bdf0fa95165rjv69,22
131,309f446bdb138faeb18072285ccd9901gz80c,7
132,33189c09ca7067834fd25a54920f82d4nd7a4,12
133,3318a824cfbd3d3d177ab7e9520b21cbsrcgr,1
134,334714f005e994d46cf4d18093dd4d05fyxc8,2
135,33a7a0121e28cca4e42494dd0f5aa03fdhlm1,1
136,33ba799fab5e4145b54fac4234bb6e13up0tu,1
137,340d7ea497f16bdb912ec5c6ce467f71kk7hy,5
138,34e965deb822f329ecad42b94e8ba0ba3dpt0,2
139,354baa6c4764a5bde013ea3f7edc72552r3oa,5
140,367edc726ba8e667973844395493559dtf2o3,4
141,3694aa599f836a57b671ee0814b071775i1nf,10
142,36f52ad1abfd307b73c9b69cd5197dddmmxgr,6
143,3714da7069a5205137cacf89ab3a136ffx2u2,6
144,37bf6f23b628a3e2b5b22ba81beccbef0efoh,23
145,37d71b4ae830fcfa6f0c4f65ec386414n8h5l,1
146,37ea72c53cc50112ced4f88810f1b38euoz4r,1
147,384ba7c5a8ccf55d174080d9ad7de9b8mfysi,1
148,38d9e2e83f25229bd75bfcdc39d776baz5zu2,5
149,38e919293f5dbd62d87ce288e41aae2a281m2,4
150,39a5a16e5a67c2fb51789cea4d3091f0mv996,37
151,39b501f37dde9b055d627394964d3260qiktx,1
152,39f9dad880d32ee607af7571ec24807bn1g2d,3
153,3a5420301c0dacbc5675f6f09aac0143tuodl,14
154,3b233dc399f175100fb11ff9c66fa5b074z60,1
155,3b947f8c954acf4354d2c3bdcd494fb0x54ee,4
156,3bc8edfa1995a99110b957ee98fb5c76nkl7t,14
157,3ce8aa0207022698b6d0eef09c89b381jzqi1,1
158,3d2608a892e44dad3027ab55bfaa0b26r69hy,13
159,3d281a78c6a116a91baf9c8db22b56bazer1h,1
160,3d48fb12020c1a81a65fdba2d75caf0d6q2nc,1
161,3d54d594ffba32e8d6527a688e7227e30iq3k,1
162,3d7cff3dedd8a8e02dbc551c6a61da3bibbvh,23
163,3d9910a238a0f282ad3132dd6fc981c8tv3tg,9
164,3ded667003605eb856ed1aa2b82c1732gtma1,4
165,3e602dff2e3bbe7a52236df2294c9e059fc2l,5
166,3e85a43950c71b1988a814682abd4392yakvp,6
167,3e995d6f9dda5f29c02af4c9fcb94bac0csrw,40
168,3fe1dacbdaf96fab0c213e218968c518twu76,11
169,4089a2b7f26e5c13a7f3350bd52ebf8fh21nm,1
170,40f2eaf03624a31952397644f1b79a6fvtfjf,1
171,414af5edf09c473bde75644b76a68e7feesrw,7
172,429f301119adc32d35541dd4d60903563s7nr,3
173,42c407eb70ddacdcd59d63f22caaafc4fa0p2,5
174,42f754cb72e01c08005598e1f9383341fn7xh,15
175,43bd7fe0ed7629fa774a461127a629f19je0a,1
176,445305769cbfccafc89ff5ebd004598einesy,64
177,44bc1c87245aac66d176620f6ac9611ddbcil,1
178,44bfa21b7d497f097a594c8861d4f8d4w5e97,25
179,458c8c4e10e5c1b29e3fbe5ee56d46e8y3fb3,8
180,45927dd51fb4301c459ab96d48f64752q0o9e,1
181,459ea22b6b51936d0788de9f78a3547bf4jrw,1
182,460e932b11a1529d78246317757899ccfaxng,2
183,461dc3d03d1e28d52770a4d3dc7db34558fcg,7
184,462df7ecf1d47980dea6a93d44fb408d4u2d5,1
185,46a28eaed47c29b4fd148a50cde44840u0bsn,177
186,46c0ae10d60c4fde2b6301bbafecd7b8dcla1,2
187,46ceb58fb7a57d86a26cfa154c940a8cuktu7,2
188,4703c8940eaa3f3bf5082ec2f155a8619i1yw,7
189,47c5cd21a74e45dd294cdd53041ec0a3dw3ge,6
190,48badabcce6015d257ff5809761486c8qgjul,6
191,4955e2c318d0bdca797ce17794ba18fblhaau,5
192,497ef6187e03fd9d4387ac436461a40f982dq,2
193,4992da4511c3c1b4efed3e16c7d8dec65ilfj,2
194,4a2d5b70f0fcec3ad9d8ac4b447efd6f3vs9c,2
195,4bddcd4957ff826dfd3b3efe6eb96be9aw5tz,129
196,4c2af41637c123c78074e46a22526298vol9h,1
197,4c67576a6f30a158d16d790a7fc482b0zqxue,4
198,4c93ba564461b1412df6f033c8ef71e8ck438,1
199,4cd52ae88da3e30dbe01da5048151c98p4f0v,5
200,4cf9c56df4594860df56285e9293a7f7evfix,1
201,4d1542974bc322859d3d099b8c5193felot1k,7
202,4d2fc319ce6c2ad370052e0f6f2b0a1dxiyau,1
203,4d6580da346435dff2503c55ee5e0cf8wbkb3,2
204,4dd7f98cfffffd6f4707fd0deb4a00b5rj9wv,72
205,4ed4760782d4e2c65bee8cadc1fcdc89htz8b,4
206,4ef4b3e5727dc85f18aaf00ff9a1e936qyhp6,26
207,4f891171f7b09f54d8b4f30b48421f178m75r,6
208,5053e03863b6887308c8446cefeec429l94tg,2
209,50a4bfbac8a9653af4099ec1169f684c2nsgu,7
210,511a640e38bf03022300f5503cceb2cd3f361,1
211,51cf4dc8898554aedd8572f97a95ef5cpi3ct,7
212,520b616c26fc47935f6bcd5ec063eaa7w15t8,1
213,52c441804b89bc20e4c8dd625bf163f27o2zb,1
214,52d8066e28f168e5bee769559ead307e1go7e,12
215,535ed161b4c9960a71ccd53128df4766ddyq6,1
216,54957cfd12ec8c64918b6200ea25d27fsc9hx,1
217,54e279a4e162af7fc55d640aa62d0cbc9hxil,39
218,557f06b312e040ed3cd7dd2a011cb83avyut1,32
219,55abcd1b00c6b5b54633fc7e98f0110bwoy3v,2
220,55d0b2506cef6464d799879b65c6ba29hjcv3,7
221,56b55e6ab49a4cbe7c76a2bbca804089pjq0g,28
222,5720c8d7bc15b94037cd75ff9496a35evugeo,10
223,572c9964ca41ed055830845993fdab29p4f03,2
224,57c4421263d37c2cd2573cd7245a7a80h0mjf,1
225,5830a96593aff3e951919578f7374f09pqyc0,3
226,585b938fd44968d0d59fcac453cfb3b8p8nti,13
227,585e7c21b80baf2225224fe140cdb1a73ddrf,1
228,5920a92dc2b65e257061017a04eb5361tpa9b,1
229,5948bcd0f773286ff7d5cde332c7ae6918jt6,2
230,5a6376f140f05274d6e0dc888cbeb89eukxkd,2
231,5a823474f9fdaa129dea9fa690d51b62rgm7q,5
232,5aae3111e4fab04fa5067c740329a38d11361,2
233,5c28b04424e96267711d5af2db62e022tp36c,5
234,5c2b3f221cdf303df86ff1ffd7106fcco6pml,48
235,5cdd665a22747394620c17b7753947b0xgzhw,1
236,5d5816d216122786933fb74c459f35fc0vnac,1
237,5dda8ade6b5d4065f3119a381516c227yoz8y,49
238,5e8bf58291656ddd5fd2f71825565446aiopv,5
239,5f529b5ee68b60482c5d0c56ee91f3c2cjrmx,12
240,6086425310e05e77a53317490e8c1f3cxzf2r,2
241,612d24dde60a1b42873ab7b50944c6dad3dcb,1
242,61337802cac534b7e7711793039782d6f1yy9,1
243,6182daa56cb0623719228c9e576b71fcpg8r8,7
244,622a477170c3e2215b7e3cdb06db93aezz6t7,116
245,628156f3bce703aa6bd275089c6c692499h1q,7
246,631f923b7bcf91f61a2e9f96520bd8c8vtl14,11
247,6326299ca6a53277b2bcea07bd0b4ba8ktbqj,7
248,6362c8d61774cfcb6ada7cea1be63678hxkfz,4
249,6393f55c093e04e6e608e1ee8be9c3e28omjd,3
250,63c48b70d37dee5fcfb26f94107ba3b94d90p,2
251,63e3851eb5e1ee98df1065b333f6cb81mlby6,23
252,6429ef4aebc7d1f4027b31a6e900d165nqvyz,1
253,644e284380171fa793695a91b6a12c28jcwku,1
254,649b364bc466208e559858f0677b421dbnalw,1
255,64e802fa8e0c17ec2ba1b6425648b7cb7ndkn,5
256,65d8228c6c1e5b6042f397afed8a5c7cbo6x3,3
257,66513f72be85596a527f9f653db3cb72cq4jg,36
258,668d393e858e8126275433046bbd35c6tywop,187
259,669c6a0e8aabbf0647e8ee6e150c47b18a4pu,10
260,6713e820273f591bdff7d26a48ee30c5k4iii,755
261,67616fd2a1de5c46e32041354efa88ceahbhq,15
262,6767cffbe2c0957492aa451560655be3hjd6s,10
263,67a1b129ca241c51d0abb5484f8eb3fct8o5c,48
264,67fbdc4209a1566288acba904a2b5a7ee588g,14
265,68d468e15e0de0bab9694cdca8e799eb2j8kn,3
266,68f092336430866db606f137c57c87e0hw7aq,3
267,698da938f6fc36305616aa6f8affd53fobj5y,3
268,6a1d4042a5f3a3f34f5b3ea753ecce30l0qj1,1
269,6a2c4aeaa17c2fcf20958803a674f101vlxw1,3
270,6aeab198df208f8628825f7eb3ec3701p2ybk,1
271,6b1666662837213ce77c329d8cb2a842epaeh,1
272,6b531ceeec5892121e04dcc6f89b10a70yqoq,12
273,6bdb40330295fb3abd4647808c319d29pb29n,3
274,6c0030ed696c4156b6ea3472374f6b54s4ih4,1
275,6c0212679f2439c4113386b2c6ef513e8wr8p,3
276,6c021878ba6173a04d55bc1cf5544ac1f3t02,5
277,6c11cc7744fb52a632306ca8bf966cd1e4zxx,2
278,6c6c3559c5f656c71348f7cadf29bb12okgl1,1
279,6c8ffec692e88d81e1b18d47818abb04v6llr,354
280,6db047b1bdd342c09ecf9f5eecccaa4fy5l0q,7
281,6e178db6d17d21aa88aaca5bf15c2761lc500,38
282,6e18a078182a21b8522bb69a822cc338in7rn,1
283,6e29de28296a57f039026ffc6df9145cxo2n0,2
284,6e848149cabc4434155aacb610fb20de6vq5b,2
285,6ebbb4e7c3fb4ba44a89bae997717924gm89u,1
286,6ed39d7c89fa2d423017cc9811f0c469i2157,1
287,6f46b3e231003daf21108df4624afcfdaaswv,1
288,6f6e3687f67272b103351641b678225abarzw,1
289,6f7043cde57060a6766b551df5fa6fd9p3ojp,1
290,6feec0741a319299c78c47040893399ebas6q,1
291,7029915a2c5aa5d964acfd85c30c3950b4opr,3
292,70cc5da141baac4712163f5cd4bd4a50za0n9,11
293,70daecd44c89c37525aa2ca294378ead4dggh,4
294,717a0a200628f9606d88afebaaeb409bv60y8,10
295,7188dec1b560385b0826f78e7608fdfeai9fm,11
296,7259271b61d2f05200eb2e1ab1d2ec911jlaa,1
297,7264bde42ef4fe3fa19cc7c6d64696cf7pqtd,19
298,72dbc4a9f579a9444c126a0a67118783092ec,1
299,741b9948c8cf42d658676e5a46757815zstr4,1
300,74582963d3774699f4215df7f2d17c1b6b4pn,1
301,75339aea3f29d7d9a8d67ed3fe1c89c3owsq5,88
302,7607c4efa792a69e2a8949ccafcbef103squn,66
303,762046a235e00ec6521ba71aaa1450c28ijkz,1
304,76218e14c379c12d599dae9e1c00b61a3i5b2,47
305,764234598477e02cbf8a43983fd43850l1c8f,1
306,76a8a9566e21595a1ac06cc0050626c1q7a83,1
307,76c85d6bf559bc0323bbe1639d233e88nxy36,13
308,76d4a0147a60d871867f00adf45cb792w9c6n,1
309,76ed824b414b5e690ff82e7cd2f5be52256my,16
310,76f17ce227e593aeff456fed46e36c83a3j72,23
311,771f6754997a1954eced81d46348b4762k475,2
312,77b7daafef906aa3f941992bcf94dd69zxk2p,3
313,77bc113594866d4902d6f867a456750c9vvmu,1
314,78e59e188d9780cb8988d574f692ed343s129,1
315,7959bd565852dd880cd31278fab3660fuaqyw,1
316,79794d93380946ef72e95f55b4abc008hsns6,4
317,7b22c9a323baf4a7bc7a3761e4a30bfajixmt,3
318,7b31d9d8b5e749cdd2c300cbcbb5f875kjlsz,10
319,7b93ccc9d5730b561ec5fa7f4bd48c04qudf1,118
320,7bb58b7875a093cbe7c5d487a825b730mjcw8,9
321,7c08de9de285265b2c34970139331f9fnr9ad,1
322,7ce12bb499c156ba4513becaa42aa8c143v75,4
323,7d44df0d40982a6651a06cf533ef5dddtppag,3
324,7d8d3493942dc13742444f28626c5839axjqd,14
325,7e34a26c4c339e875997f4b9239d2b5fscng4,9
326,7eb6a5ffc5e8471efad7cdc8927daf677qcf8,6
327,7f807b2eb6c391d55e67bcdf7e1cbb3fhylw0,6
328,7f86c3c417ae1db5bea10bf9d0a7827ct3ni4,8
329,7ffd9b7b795d9335153d481fba4b3076plrxc,1
330,802a819acf0601b43fe5426cb48ac0bbqwfu8,37
331,8215dac41ad35a074c93bfcfbc0f908chlo5n,1
332,8251041848182e6468c8119905a177dekmshg,17
333,825226b69f2a5a8337ca611b38223989aumow,3
334,8322695c21cb27accf0fe269438bd78fn3x44,165
335,83c9359ad94eab7f4b8fd582a6db4733frmsr,2
336,83dbbc6c5c7ed95048ffa9427d807692339oi,4
337,83e8aa6cb15daa745c75ba3c29a2f646zjw33,4
338,84c4b58a1491da3a30710bcdf61f87054xfq6,56
339,84f06d2c69695fe24cd69f8a1aae21a7kozbn,1
340,85499f83c5f1674c87d0fe77838c4da793u8y,2
341,85be8fd21f41bc3dee86597d272825726bp69,1
342,86091a1e6c99358936979baf67d54457x1dzy,1
343,862eef3a75e1351593b54975cd8ae1b3swcxw,12
344,86e50263881b0d382b55777185eb648aagh1g,9
345,86e888c2dafacf13580a1211abf50961w6foa,8
346,8720f071e045d4cec9d707c583a3d64avjyyy,1
347,874402ea8b408a017756404006b12708d9s6u,1
348,876b122982958678f14bb25d887dd79dun3qa,4
349,877d96d9abeb73e437a8ebd74abbbf45p8s80,1
350,8783939eb63e5eb4e5cd412d8480f3955ipxu,38
351,88ae7a35e374a6fddd079ebb28c822eeohwse,1
352,88ebdac47cc2623888e0bcdfb35b692ejrbvv,7
353,89291354b0939c342be97fa58e018bd89fvcf,2
354,89c8eefbf6f83543ce0792d1e4b86057ti16q,1
355,8af01eeb860c2e6b1512377f28953110ml638,2
356,8b253bd318229b3eea3f459bd81b8347khytb,2
357,8b4071f3e2702b88481054081363bc15her3f,7
358,8b809e18804865ff2a2e799c9a5e8a48mtxdh,3
359,8bc2a424939c50eaf4a652e253421b0f9b0y9,7
360,8bf07d8631a2808f2c869e27afad2d41swgkd,12
361,8c2bdb9dd878a811701838002627a056be0ce,10
362,8c339df2050a428c04a1c2bcbfe4a143loj8l,5
363,8c33cf751b05ca6a9d886a379a84a2ees9jlu,99
364,8c412ae875b672f18073d643c74f9f0clzbyw,1
365,8cb96eaadc11cf4f914bad84518632e7czdyl,39
366,8d49c8e70bf96a255baf30acc76a3f59b394w,1
367,8e05310a342aec93aaec69a638e83a96aqyo7,2
368,8e2a43abb8fcd8ef9801c69fc04bfcb5kyc41,6
369,8ebc5b544d62622e45e1ee22a56265e0xwwsb,53
370,8ec8add138ed551bd5a9175eae0cb972ie0pk,2
371,8f086b809805064f3c4a5dd48327c0f51yplz,4
372,8f6605a649ae41fe950a6bf579452464d9lmc,8
373,8fd35d215ab6530c2ef096c87233cbc93juwy,1
374,8fe6da2176541d0ce24574dbb60f9107oq1kn,1
375,90fe8d6fc0bbe4ff2ca7833fe51bddbaaibof,6
376,915ccac760c7359a446100fd1a54bbf6oyrzf,7
377,916aedb8fd708e100318969dfe57a4639hexd,1
378,9196288f121946095e5c402fd326109827t0a,5
379,91a3c57b13234af24875c56fb7e2b2f4rb56a,2
380,929b75b44585b34d2b917ec181ecbcf298fr8,2
381,92f8392be617527734a2f18482815af9ak8l3,8
382,9372e27ce85a8c8b9460b87c37cf55ecqjjkd,1
383,9393cc68d0357d7b200a94fdf93ee3cf7xg5l,4
384,93e3c34171ab65e0b031dc67461e48b478u36,137
385,9434778d2268f1fa2a8ede48c0cd05c097zey,3
386,950aa0150f419cd6361bd3c500e6e695xfljo,4
387,953879d32e39e014cf8ce73daa2547cb2ke8t,61
388,958de49cdd870198543313fcf574d7c4eutrl,2
389,961ab8cb7952191816db53f8a11a35fe1zecm,1
390,964028ac24d4ca16c4b63f64b06df1c8ltrrl,1
391,9653f425ed82418570fbca890f7032b16sjjd,3
392,9655ccc7c0c193f1549475f02c54dce45kjw7,260
393,9685887173cc2e1e5ee3993832a4b153bfl9m,2
394,96b7bb4238e7ebb439d81d63db4c2796aoofv,2
395,96b90af2d3eea4d3b2bc725e1c92e212qu52g,97
396,96dccfc370343f6871dc478d5b2fc3ffx95d3,2
397,9744d8ea513490911a671959c4a530d81fj5e,5
398,975dd5178d34453c1c3c8edc47cf44274uv5s,6
399,9819825acfa7e20c47a78bda5e76b195jh0gd,16
400,98a5197faba8ba72d6ee9e1c95d65d737sigb,2
401,98e6dd2906ef1f7c13284a309f6b160cb2ujz,2
402,99bcfc00be736e03facf0afeb79ac533cs7tp,1
403,99ca795998fb781a42d85f1abeb50482yzffz,26
404,9a44bfde11a7b6ade17cd33a2b5102fcnlhm7,2
405,9aca61f505f40a3b4f7865c2d00e2418s0e1f,6
406,9adae18220565488f77036be41cf71beiepqk,10
407,9ae9782ecff93ddf1c6fa13d711b9fe1gc266,6
408,9af8e7dbdc3c620c8144d736242b3bd2fdbpx,2
409,9ba7cbcf531c20ef7cc55a6da5c0654evwt1d,9
410,9bd2d79f328a5afe815d5832e521aa9187q2j,35
411,9be39ea5a0612fae7bc43a25a6d10856l3qaj,4
412,9c0cbc0fd8a6c22ae3648801ade080fek6i13,2
413,9d98d3f00a0c0bddf35470b0fb735fcdhiriy,4
414,9df0031595e4105e4530ceee1a08faf319vvb,2
415,9e25bd3696b4e1775de205d2d4698a0df4s14,1
416,9e72fb21f7581cfff84e833d02538e5ar35kr,1
417,9ebd57da79b9286fd67a53e61528cf63a1w6c,1
418,9f52fd88ba073512be19e3d24d4bb6f91l531,2
419,9fada390b6c53ecb47e6f4eb4353e14f01xu0,6
420,a027780df5d0312919d41edfd4947f27odx7t,9
421,a0aeb6de8a21a5b776f63530ed753fdb34k7y,5
422,a22fdc066a738070c6e4860924d06657hengu,15
423,a25f4c6838b83e0fcba372300c23c2537k5eq,7
424,a2933e33896035761240ef5a62477779jf7ny,3
425,a2bb8b3e3ae4566203eb5b3021b4d594pohf7,1
426,a447127835855849fa2ee496d05e0847fgt68,2
427,a46025d61131de18474aa6f167e04bf08w9x6,1
428,a4630d8b78c796441a1be187f6907b11c5eu0,1
429,a4e83190edb97fefdc4a6cbfd00f41fbm7c4o,54
430,a58ace8b671a7531c88814bc86b2a34cf0crb,402
431,a5fb60c136b7e0a6d0d6e27cadb2a797225r6,10
432,a60101895443bfa5d4485b9c2c3e1b68t5ppq,1
433,a639448bde9a72923b70917e82594fc66sa2f,1
434,a679d00c30c269a8eca148458abb8665kciaf,1
435,a6bf74b19fcb2687ce345930c4c16d4e2txda,2
436,a6e261c09ae8aa7d0a47ffeb0110aa519jowa,2
437,a6ec153fc7002cfd929b9f7199914cf75upgt,17
438,a71f84e476d03bd0b25d45e44eeed9a8efehw,6
439,a7bc17dfb615eacffe397be5b2c2f3a6r0bb9,20
440,a8561bec318a7d3a0082b35b086b4428wekph,10
441,a9062f1d7c589bb01ee0b330ee8791fc702il,2
442,a945c65b19da56d0c7358d8858fe14e8ulfel,97
443,a99f91d51e8d9f5786dfa52e24292dfebi55j,1
444,a9bfa54aef505d65ec488d8984c82a7bf0fjm,1
445,aa1c013a1de168c611560ca2afe78111g8i6s,1
446,aa7e36069de119ee3ad7c4d8c925fa3ekrs4i,2
447,aaa686462ebb950550fc1c6136ffb273vkrc5,2
448,aabc211b4cf4d29e4ac7e7e361371622pockb,8
449,ab3e02a6b47b250b738fdb010dc84cd7lrr07,1
450,ac2d643e0c0d3bfe8e54e5a961c6cfdb5xn9v,178
451,ae0dc05e48d0f1e3ad33f37b4400bd069jktv,2
452,ae37c0f4dc6e3d99f5b0243fd18294cak7pxy,34
453,ae45f9b94d86f931c84c94f3975e3d7bkv2r0,139
454,ae6758a627a111f6d6b530b0154c429566o4k,4
455,ae817305e82b580f9ab89f1a379488e39il4q,3
456,ae9e482a7f4a625a878c6ee0eb4dcd01dkm6d,2
457,aea096a392f55d95c3e45251931e9755a9t3o,21
458,aee383561c0019dc01552bfa5263af8etbuc7,4
459,af5d33f9724b0e8c1f875406c0556d1e6eotm,6
460,af9c96944265cf541b3fe734a057821a825l7,38
461,afb7618f9e3fd071d4ebedf396e1d45drta96,12
462,b0164d9a18a3cdf6082e96f9708040690qcqf,2
463,b071545f5ad73150880c42e780d951bdzvxn7,14
464,b1410ac124aeb5ef6b06667786feb742tijnw,8
465,b1863365ae232a316eb946ba56a29415m0gdz,30
466,b1c9bacacf1f33a8fe48d1a4ae4c761bcltiv,2
467,b2d3db61ddb119aa4e5f43e1bf72e349xr5tp,3
468,b37b352197594dae96bb9219bf59d656oz79f,1
469,b4210edd4ec9bf872c7108fdb3c6aae9cjwz7,3
470,b46132a554a2a3b93efc5a9352036e6crl6sk,1
471,b6a3aa8c0f2302fa35d7b809d9371deeypvyh,4
472,b6a7b5bba132a90e7c7cb350d2bfa52d7sion,2
473,b729f60d26fde89a01f3fa89759d6b07t0ec4,7
474,b7630ee9a73e7ba6f11f7717b7f03ed4be2hb,16
475,b7e16fd4fd9ff04b7d741b70730b7b6b1aw84,5
476,b8d88a1167ab74ba64fd6d9c83308a6d4oa6v,3
477,ba0ca6f98ed66bdd1c4e86db2ce4011fdk6ii,4
478,ba266f4898bf572447ad65856b362595yjt2a,3
479,ba6811273d4f63d9a31937b71b0a22dforovn,5
480,bb73823b1c3f577402c9aa9eabd1e412vp2xw,35
481,bb790a228de797253bf6afa43ee52eba1s2dx,6
482,bc3d08ad6ac94b8b5ce40a29b59899cakj3p5,19
483,bcda2135a2456d611876679b61dac500vs7sx,2
484,bcf95b210295831ff6e20db3a570f909n3q25,1
485,bd7d5414174da6df4b018c21495e8a2cxiose,3
486,bdab2be5a94c6380c60b902310cbe1b6rs4iw,1
487,bdbcdf6a935f4d1781a2d33bcc4967130bdqy,2
488,bf190f2cffc1a77f0957f8cd1c98257dofy08,4
489,bf65e77ce8676fbab6fc78b70c50f05a8da8a,2
490,bf8de839c1a8b7994d19049667548e4ewchpm,2
491,c0549e76b179912d52a28c3eb9b29376yaxvu,1
492,c0d065cc8cb585f027143f2ebc6b49f01g1wr,2
493,c0e3343070766b359c664f93ca65040b6bh2k,1
494,c128bfe7aba668d71126d51b32428c01tkq99,1
495,c1859303603734d90d1a91d80977e14echjim,19
496,c2294751630e49a4e594dfd89383b271qzp0m,163
497,c277151116ce38d8245f9f2308807af8t4nnj,34
498,c2e1242ad5ea781923a08987d55365c69fii7,278
499,c2f592fbdc8980229367e1db4d0f7a51my54g,4
500,c36fad0b52a6be6ec32cc5530c0a2aednea6k,29
501,c41cd6791e262b44d26bdb3443fcfba97wlm3,7
502,c41ea39b2e13b0fc9ccccc2546f924f1obd0w,3
503,c435ac9dcda855341e667d440c2ef7c6nd3mg,7
504,c48fd9c589f273945bad5f0cea5993ba2fet4,13
505,c5863a228287327c9980d12a632985da9vi29,5
506,c58ffa073b3b3deb4e993ee5dd05347cmvfur,1
507,c5babbaace35399cf51a9356bbc22733xpi5h,1
508,c6108e22518279361de99b3c7c298235mkoa9,4
509,c670e7fb466b09000f1053d2761752268bkfm,1
510,c69e65de28937ebe1b94e7785afd94158thqk,10
511,c6a49cf5944626b45425712f9e19e91d2nyh7,3
512,c6fcf1f7b824c864d492c4cd676cd702owsuv,2
513,c749a25f3a07304b959065d83bbfc5f75u1my,1
514,c76f30b8330b6d14fb872b30fcfd9d57phbsf,1
515,c780bc2dc7ab83d5e5c85dd13f0f7fdecfxjq,6
516,c7d335bf99b9c71fb22797ecbd78b92ashv4h,10
517,c8f537f6bb0aa2d45da541a875f014358qm7p,88
518,c9056fc0cade75299ed4438567a87d6ek44pt,1
519,c9416e793bd0559bca3ad4a5194d4cd1k8eyc,1
520,ca0331fc37db2b251a012376f7b987fcma2jw,8
521,ca0c049b8c37c99ef93b6086e9947135onppq,1
522,cab0d4e41ea81636de3bd3a1800d8da8x4yca,1
523,cad9c97e99bd5753be98edd9ad8ec8c8c7r66,3
524,caf32bc98f84a47829e76ffe104371f6kphvc,125
525,cb557e4675bf4f36f93ef5599adff545nz370,178
526,cb6ea552ab5b90e2d0572148426ca275d1zzj,2
527,cb705744a588c18087921e74e68cfa10oev6i,9
528,cb9a75312b809291306c6213ed5dc67dw31qz,13
529,cba6f45915ebbd4b5404c6d357153c0adeblt,2
530,cbc71ae3c3690c89485eda3f08b9bb51rqrxz,2
531,ccf30c9533a66f22f1c65910ae1bac1a1fs05,7
532,cd8f738dfa2ea0554baa3dfc4465cdb8izun1,1
533,cdf76f38b6f46a3bd396a99123d26909xq5c3,3
534,cf33d05860b7f7d9af73c6091190b81ektz1j,4
535,cf456f3c8c409ec4060142acfdabb5bbqpx7q,1
536,cf9a1c3af63d1bc3f55728b4a06a5f46njrac,3
537,cffb5f3c1f4ca815d0f643fcb2f2f316beod4,715
538,d0231e5200b870c055db7e3daae24bc8lt7at,1
539,d056594c1d7976b6ad4ba23e2b4cea19l2i0t,5
540,d110111b8700f290b5d03a0e243fe375r3woe,3
541,d1200a75b6c05584f4f902e74d3dead76cj15,1
542,d127576e329604b576df0a3248cdcda3279td,35
543,d26cca81c93b52ae3564aa6cdf33f5d5mkliw,1
544,d2704c8bb6ebbf13e08f37131382b126wy4yc,21
545,d2eca28cbe0a3dc69715d719c6958faaaqx95,1
546,d381ce07afba12851a815cdf8858c1c7g2pfh,2
547,d42604c7cca8ec92839e92508f2a3e52ehz29,13
548,d4b2fd8f5e8e02b660e9803cbcfa6cf2t5szq,102
549,d588f4c51e67a340d1991a8130ee0b56hy0r0,17
550,d645e4b8b043a18bb1c8689572ad4fe16q3np,1
551,d6517684989560cbb0da1fb2f5bbba9b9y2st,254
552,d65efaa8129a85f85bf909e5abde8c3628gfv,19
553,d6fd864297177c38cea65aed8a45fb7bbp2e3,21
554,d7340ee3c04e600c31fd2a34c760f7e7d26bn,2
555,d738b259ec6e6af625d1f41abcfd63e9e53tx,2
556,d79919e5ba11f26bce5e70f0a4f859e3e4q9y,15
557,d7b66d95bcfba06122dc6f7a3c605fd73239a,1
558,d91a4421996dcf429f575e372915cdcedae6g,9
559,d92c8c2d4c29d4c785431a8b34ea135awepbr,1
560,d9b611dab3b5116f761747fd3166ecec80icg,3
561,d9c6b6d7290e4475bcd6d264fb33a706fqtvc,2
562,d9ffd2f7f3cc1a546586701c2a6fbda24u9ye,2
563,da00b16633eb706fb11d55868120cdd9so58j,1
564,da950a556200395a82e23e3bbfe1abb6xs258,1
565,db85fb5556f17b744938cdcc2e7ce9b5urspd,6
566,dc4efb7e05563288d1f2ac4ca65c6734017ql,1
567,dcd54d7afa6820e3f00e1c9e83aecc7b4f3lw,2
568,dd055846eb553ab8e953b084f2048d53bdqec,133
569,dd1675bf26316cd4630087fb47d0ff8fsug8e,1
570,dd7292cdbc81ebfb87945d9ab176d679gepf0,6
571,de3bbaaa3bbc1fd1f751d23a972916d80q8e6,1
572,e0413f338c43c9d55ba53612d2068f65t4gs6,10
573,e0984156959c3e7cd05b7ec8ae239303inqlo,2
574,e0fde4b9b7ec14e80de3c811ecae157f6kqd9,6
575,e12177ff9c1a8413996f7b1a590980c82ofeo,43
576,e134f2bb79d1a810aada6a24760c8910mh5na,2
577,e19f258fa5019e58974b562a8e1433ccluztk,12
578,e1da7d96b83f16aa80cc254572cc154fcoudy,3
579,e1fb642deec7b382433de94983d97681o14ko,2
580,e22528ef6a439aff5a8b19f8c9b07c19fyzs6,1
581,e24542c1bd46a4a0f98b0fa95d8fc40brecdx,40
582,e268d06507859d78894a8f6e11995f48zls7t,1
583,e3ccc9bd16fa1f4a92fe87b4a54e5e72uficw,3
584,e3ea1d5464543a1ef3a9b60394fc4ab6i1jk3,4
585,e4bee4e53a19aaf71e0ac0e3be752b2cz3k1j,7
586,e56f611f1157381f4b689ab34b574e791qhcn,6
587,e587d92842526255c86d3b0d425747ecib83l,12
588,e61c14d66cd5693d93cb0356d7f444ebinx9i,4
589,e67abc3ba39537cc640678297a7c5bfag490k,1
590,e6f73230e0fff1d9a6b1b8a6617002ea9owig,1
591,e735a2301a18772a8276aa1f17ef79efu4yew,1
592,e7a98dc8545eb429007cb48799a40a2dc9p6o,6
593,e8291466de91b0eb4e1515143c7f74dexy2yr,141
594,e833712b1e29ffe74517e2dadcb4f2d1pt5t3,3
595,e8f3ce0b2d0849968400b63b992cc606psoij,3
596,e909515a6ae94a86027c717c4085954akbpt2,7
597,e90e4701234b13b7a233a86967436806wqqw4,79
598,e9c8ee7f783723fe8496dd35232d88f2or1r1,319
599,ea5948061b2059bcbd900d3ae7e86e428ae8g,1
600,eaaae0fb54c7d36724a9679c3128d5a7gn4k5,51
601,eaad20ae39d343daf76adc0b1a4984faumuzj,1
602,ead2ec4563ba25a9e9d417f1964b7504teqtp,2
603,eb2c4b4493f31788ead745533e0c9a18xzzlk,1
604,ec0c9e98cdf302274974ad212477f851iw35b,18
605,ec86220eb6ce57c91a02a7356b342599jrcut,1
606,ec96b5b27dc870c8f59ef11b7371b06eenaox,3
607,ed4802c318a7e04a5703ed115fe4f3a3kkugq,1
608,ed5fc53d096bcf1b86c30128040e775334ut0,2
609,ee052a24cd3164af9d08fe77bd6b79dfrbelk,1
610,ee5afe7f268aaa88598545df890f4e5fzari6,1
611,eea590b4da2709c294e8db490f5997eadyc1e,1
612,eea79e1bfc21ff1b9572213e540e1252s5iuy,3
613,eef111bfb93c213c174947c69b2f2b38cr2pw,2
614,ef9ce9b85309d7d1044ce57055705bae8pqlg,2
615,f019bd7ec140624144c4a9b40c42bec9jok79,4
616,f04748a1437347d837a65ce04ee7d94enqhub,4
617,f0567f6d45c0f83b9874681fe8dfe0ba6hjlf,20
618,f19531503f1485a3014189a80971c6fb0d9fu,1
619,f1e57f96a91c185a7ea716c2481cabecpi3ia,1
620,f211ff014ed43c9054916f97d6187108mpxr6,5
621,f28b5654b5633a0b5e3f757a16080116sjj1b,4
622,f29896e71c8077db28617a03c0f14e7570emg,1
623,f2ea6d89dd9897f0d6edb6f24c446f01ra6yk,7
624,f3ad2931359bca59c36ce55ba82f9af8enbi8,8
625,f3bb3c26162cfc1b8c3636a7ba126010na3n4,6
626,f416aeaaafcbb66aabb77347776db008qw96o,71
627,f46cfa9acdb6a4c419c70c19be4ff9523uixs,6
628,f473c995ca7b5287f9b2f079f0d78a1e92226,2
629,f5b2bbad20d1d7ded3ed960393bec0f40u6hn,554
630,f5edfebe95b4f637d1bcceb892b73dc7rhn7l,1
631,f63ed13362ce1c80970ba28a095c2bc5kfgmr,1
632,f725c5b4cece8353da7a636fcba0ecb5yxshd,3
633,f75a0f726d764514f612ee8cd8f65adegt02s,41
634,f781d7cab96d95bcea507cdd43b24255pw0dv,6
635,f7e3635c9a532fb9a60d6eda6eb7c7de3uqs2,9
636,f80075873f7183a03b1b10ac3f740032v6w99,5
637,f895a8d9d7974b3ee7f1f04a25a950e9v63ps,2
638,f8c42ccd10c3fe515e53082f0cde9a18oxgws,2
639,f8e90361c36eb3f6fbd485748e731fb7w2ci4,1
640,f8f87e237833c3279a953b785653b0e5qka8u,4
641,fa64831ab5ade55daee13f852c16b0a84ujt0,3
642,fa64fdb8ad70e86efbfc31179e93e99egd27l,1
643,fae553f133602fba6e9e6051dfb27fefkruax,4
644,fb81da0790d821a22617d748d0226540ylrj6,13
645,fb92fc925c5df50f4da7874a7542cf2210z1f,1
646,fb9b1e58ffba4b38175c11e03e51e1f48dnm1,3
647,fc8e62e5fb69ba67265a3d0e3403aa3fr8c2q,6
648,fdd836950d203286832a21b930b9f6b58ch7s,3
649,fdf908d608a629d5ebde14819231878dojel8,1
650,fe6ed3a12fbbf5da4980337564361710v2y21,1
651,ff181014a0d7bb534fb9a35f22e24fe72m1d5,10
652,ff58ffde976a4899dcd89597a7877e18lntgz,2
653,ffc4e2dd2cc08249f299cab46ecbfacfobmr3,1
